{"content":[{"id":1,"content_type":"page","subtype":"static","url":"home","title":"Home","parent":"0","description":null,"position":"1","content":null,"content_body":null,"is_active":"1","subtype_value":null,"custom_type":null,"custom_type_value":null,"active_site_template":null,"layout_file":"index.php","layout_name":null,"layout_style":null,"content_filename":null,"original_link":null,"is_home":"1","is_pinged":"0","is_shop":"0","is_deleted":"0","require_login":"0","status":null,"content_meta_title":null,"content_meta_keywords":null,"session_id":null,"updated_at":"2018-01-22 08:50:08","created_at":"2018-01-22 08:50:08","expires_at":null,"created_by":null,"edited_by":null,"posted_at":null,"draft_of":null,"copy_of":null},{"id":2,"content_type":"page","subtype":"dynamic","url":"shop","title":"Shop","parent":"0","description":"","position":"0","content":null,"content_body":null,"is_active":"1","subtype_value":null,"custom_type":null,"custom_type_value":null,"active_site_template":"default","layout_file":"layouts__shop.php","layout_name":null,"layout_style":null,"content_filename":null,"original_link":"","is_home":"0","is_pinged":"0","is_shop":"1","is_deleted":"0","require_login":"0","status":null,"content_meta_title":"","content_meta_keywords":"","session_id":"EP4S0sQ0Djnpr9nUB94OSrD9o4MfewxITdSuUd9h","updated_at":"2018-01-22 09:42:30","created_at":"2018-01-22 08:53:23","expires_at":null,"created_by":"1","edited_by":"1","posted_at":"2018-01-22 09:42:27","draft_of":null,"copy_of":null},{"id":3,"content_type":"page","subtype":"dynamic","url":"blog","title":"Blog","parent":"0","description":"","position":"-1","content":null,"content_body":null,"is_active":"1","subtype_value":null,"custom_type":null,"custom_type_value":null,"active_site_template":"default","layout_file":"layouts__blog.php","layout_name":null,"layout_style":null,"content_filename":null,"original_link":"","is_home":"0","is_pinged":"0","is_shop":"0","is_deleted":"0","require_login":"0","status":null,"content_meta_title":"","content_meta_keywords":"","session_id":"EP4S0sQ0Djnpr9nUB94OSrD9o4MfewxITdSuUd9h","updated_at":"2018-01-22 09:25:22","created_at":"2018-01-22 08:53:40","expires_at":null,"created_by":"1","edited_by":"1","posted_at":"2018-01-22 09:25:21","draft_of":null,"copy_of":null},{"id":4,"content_type":"page","subtype":"static","url":"gallery","title":"Gallery","parent":"0","description":"","position":"-2","content":null,"content_body":null,"is_active":"1","subtype_value":"","custom_type":null,"custom_type_value":null,"active_site_template":"default","layout_file":"layouts__gallery.php","layout_name":null,"layout_style":null,"content_filename":null,"original_link":"","is_home":"0","is_pinged":"0","is_shop":"0","is_deleted":"0","require_login":"0","status":null,"content_meta_title":"","content_meta_keywords":"","session_id":"EP4S0sQ0Djnpr9nUB94OSrD9o4MfewxITdSuUd9h","updated_at":"2018-01-22 08:53:55","created_at":"2018-01-22 08:53:55","expires_at":null,"created_by":"1","edited_by":"1","posted_at":"2018-01-22 08:53:55","draft_of":null,"copy_of":null},{"id":5,"content_type":"page","subtype":"static","url":"about","title":"About","parent":"0","description":"","position":"-3","content":null,"content_body":null,"is_active":"1","subtype_value":"","custom_type":null,"custom_type_value":null,"active_site_template":"default","layout_file":"text-page.php","layout_name":null,"layout_style":null,"content_filename":null,"original_link":"","is_home":"0","is_pinged":"0","is_shop":"0","is_deleted":"0","require_login":"0","status":null,"content_meta_title":"","content_meta_keywords":"","session_id":"EP4S0sQ0Djnpr9nUB94OSrD9o4MfewxITdSuUd9h","updated_at":"2018-01-22 09:29:17","created_at":"2018-01-22 08:54:10","expires_at":null,"created_by":"1","edited_by":"1","posted_at":"2018-01-22 08:54:10","draft_of":null,"copy_of":null},{"id":6,"content_type":"page","subtype":"static","url":"contact-us","title":"Contact us","parent":"0","description":"","position":"-4","content":null,"content_body":null,"is_active":"1","subtype_value":"","custom_type":null,"custom_type_value":null,"active_site_template":"default","layout_file":"layouts__contacts.php","layout_name":null,"layout_style":null,"content_filename":null,"original_link":"","is_home":"0","is_pinged":"0","is_shop":"0","is_deleted":"0","require_login":"0","status":null,"content_meta_title":"","content_meta_keywords":"","session_id":"EP4S0sQ0Djnpr9nUB94OSrD9o4MfewxITdSuUd9h","updated_at":"2018-01-22 09:25:37","created_at":"2018-01-22 08:54:23","expires_at":null,"created_by":"1","edited_by":"1","posted_at":"2018-01-22 08:54:23","draft_of":null,"copy_of":null},{"id":7,"content_type":"post","subtype":"post","url":"the-rock","title":"The Rock","parent":"3","description":"","position":"2","content":null,"content_body":"\n                                <div class=\"element\">\n                                    <p id=\"dlp-item-1516611494020\" class=\"element\" align=\"justify\" style='margin: 10px 0px; padding: 0px; box-sizing: border-box; font-size: 16px; line-height: 24px; color: rgb(119, 119, 119); position: relative; display: block; clear: both; transition: none !important; transform-origin: 50% 50% 0px; zoom: 1; font-family: \"Open Sans\", sans-serif; font-style: normal; font-variant-ligatures: normal; font-variant-caps: normal; font-weight: 400; letter-spacing: normal; orphans: 2; text-indent: 0px; text-transform: none; white-space: normal; widows: 2; word-spacing: 0px; -webkit-text-stroke-width: 0px; background-color: rgb(255, 255, 255); text-decoration-style: initial; text-decoration-color: initial;'>This text is set by default and is suitable for edit in real time. By default the drag and drop core feature will allow you to position it anywhere on the site. Get creative, Make Web.<\/p>\n<p align=\"justify\" class=\"element\" id=\"element_1516611493644\"><\/p>\n<p id=\"dlp-item-1516611494021\" class=\"element\" align=\"justify\" style='margin: 10px 0px; padding: 0px; box-sizing: border-box; font-size: 16px; line-height: 24px; color: rgb(119, 119, 119); position: relative; display: block; clear: both; transition: none !important; transform-origin: 50% 50% 0px; zoom: 1; font-family: \"Open Sans\", sans-serif; font-style: normal; font-variant-ligatures: normal; font-variant-caps: normal; font-weight: 400; letter-spacing: normal; orphans: 2; text-indent: 0px; text-transform: none; white-space: normal; widows: 2; word-spacing: 0px; -webkit-text-stroke-width: 0px; background-color: rgb(255, 255, 255); text-decoration-style: initial; text-decoration-color: initial;'>It was popularised in the 1960s with the release of Letraset sheets containing Lorem Ipsum passages, and more recently with desktop publishing software like Aldus PageMaker including versions of Lorem Ipsum.<\/p>\n                                <\/div>\n                            ","is_active":"1","subtype_value":"","custom_type":null,"custom_type_value":null,"active_site_template":"","layout_file":"inherit","layout_name":null,"layout_style":null,"content_filename":null,"original_link":"","is_home":"0","is_pinged":"0","is_shop":"0","is_deleted":"0","require_login":"0","status":null,"content_meta_title":"","content_meta_keywords":"","session_id":"EP4S0sQ0Djnpr9nUB94OSrD9o4MfewxITdSuUd9h","updated_at":"2018-01-22 09:01:08","created_at":"2018-01-22 09:01:06","expires_at":null,"created_by":"1","edited_by":"1","posted_at":"2018-01-22 09:01:06","draft_of":null,"copy_of":null},{"id":8,"content_type":"post","subtype":"post","url":"pure-nature","title":"Pure Nature","parent":"3","description":"","position":"3","content":null,"content_body":null,"is_active":"1","subtype_value":"","custom_type":null,"custom_type_value":null,"active_site_template":"","layout_file":"inherit","layout_name":null,"layout_style":null,"content_filename":null,"original_link":"","is_home":"0","is_pinged":"0","is_shop":"0","is_deleted":"0","require_login":"0","status":null,"content_meta_title":"","content_meta_keywords":"","session_id":"EP4S0sQ0Djnpr9nUB94OSrD9o4MfewxITdSuUd9h","updated_at":"2018-01-22 09:11:42","created_at":"2018-01-22 09:11:40","expires_at":null,"created_by":"1","edited_by":"1","posted_at":"2018-01-22 09:11:40","draft_of":null,"copy_of":null},{"id":9,"content_type":"post","subtype":"post","url":"wild-animals","title":"Wild Animals","parent":"3","description":"","position":"4","content":null,"content_body":null,"is_active":"1","subtype_value":"","custom_type":null,"custom_type_value":null,"active_site_template":"","layout_file":"inherit","layout_name":null,"layout_style":null,"content_filename":null,"original_link":"","is_home":"0","is_pinged":"0","is_shop":"0","is_deleted":"0","require_login":"0","status":null,"content_meta_title":"","content_meta_keywords":"","session_id":"EP4S0sQ0Djnpr9nUB94OSrD9o4MfewxITdSuUd9h","updated_at":"2018-01-22 09:13:33","created_at":"2018-01-22 09:13:31","expires_at":null,"created_by":"1","edited_by":"1","posted_at":"2018-01-22 09:13:31","draft_of":null,"copy_of":null},{"id":10,"content_type":"post","subtype":"post","url":"art","title":"Art","parent":"3","description":"","position":"5","content":null,"content_body":null,"is_active":"1","subtype_value":"","custom_type":null,"custom_type_value":null,"active_site_template":"","layout_file":"inherit","layout_name":null,"layout_style":null,"content_filename":null,"original_link":"","is_home":"0","is_pinged":"0","is_shop":"0","is_deleted":"0","require_login":"0","status":null,"content_meta_title":"","content_meta_keywords":"","session_id":"EP4S0sQ0Djnpr9nUB94OSrD9o4MfewxITdSuUd9h","updated_at":"2018-01-22 09:18:49","created_at":"2018-01-22 09:14:45","expires_at":null,"created_by":"1","edited_by":"1","posted_at":"2018-01-22 09:14:45","draft_of":null,"copy_of":null},{"id":11,"content_type":"post","subtype":"post","url":"design","title":"\u00e2\u0080\u008c\u00c2\u00a0Design","parent":"3","description":"","position":"6","content":null,"content_body":null,"is_active":"1","subtype_value":"","custom_type":null,"custom_type_value":null,"active_site_template":"","layout_file":"inherit","layout_name":null,"layout_style":null,"content_filename":null,"original_link":"","is_home":"0","is_pinged":"0","is_shop":"0","is_deleted":"0","require_login":"0","status":null,"content_meta_title":"","content_meta_keywords":"","session_id":"EP4S0sQ0Djnpr9nUB94OSrD9o4MfewxITdSuUd9h","updated_at":"2018-01-22 09:24:02","created_at":"2018-01-22 09:23:33","expires_at":null,"created_by":"1","edited_by":"1","posted_at":"2018-01-22 09:23:33","draft_of":null,"copy_of":null},{"id":12,"content_type":"post","subtype":"post","url":"cool-stuff","title":"Cool Stuff","parent":"3","description":"","position":"7","content":null,"content_body":null,"is_active":"1","subtype_value":"","custom_type":null,"custom_type_value":null,"active_site_template":"","layout_file":"inherit","layout_name":null,"layout_style":null,"content_filename":null,"original_link":"","is_home":"0","is_pinged":"0","is_shop":"0","is_deleted":"0","require_login":"0","status":null,"content_meta_title":"","content_meta_keywords":"","session_id":"EP4S0sQ0Djnpr9nUB94OSrD9o4MfewxITdSuUd9h","updated_at":"2018-01-22 09:25:24","created_at":"2018-01-22 09:25:21","expires_at":null,"created_by":"1","edited_by":"1","posted_at":"2018-01-22 09:25:21","draft_of":null,"copy_of":null},{"id":13,"content_type":"product","subtype":"product","url":"get-my-camera","title":"Get My Camera","parent":"2","description":"","position":"8","content":null,"content_body":null,"is_active":"1","subtype_value":"","custom_type":null,"custom_type_value":null,"active_site_template":"","layout_file":"inherit","layout_name":null,"layout_style":null,"content_filename":null,"original_link":"","is_home":"0","is_pinged":"0","is_shop":"0","is_deleted":"0","require_login":"0","status":null,"content_meta_title":"","content_meta_keywords":"","session_id":"EP4S0sQ0Djnpr9nUB94OSrD9o4MfewxITdSuUd9h","updated_at":"2018-01-22 09:40:13","created_at":"2018-01-22 09:39:46","expires_at":null,"created_by":"1","edited_by":"1","posted_at":"2018-01-22 09:39:46","draft_of":null,"copy_of":null},{"id":14,"content_type":"product","subtype":"product","url":"climb-with-my-shoes","title":"Climb With My Shoes","parent":"2","description":"","position":"9","content":null,"content_body":null,"is_active":"1","subtype_value":"","custom_type":null,"custom_type_value":null,"active_site_template":"","layout_file":"inherit","layout_name":null,"layout_style":null,"content_filename":null,"original_link":"","is_home":"0","is_pinged":"0","is_shop":"0","is_deleted":"0","require_login":"0","status":null,"content_meta_title":"","content_meta_keywords":"","session_id":"EP4S0sQ0Djnpr9nUB94OSrD9o4MfewxITdSuUd9h","updated_at":"2018-01-22 09:41:21","created_at":"2018-01-22 09:41:18","expires_at":null,"created_by":"1","edited_by":"1","posted_at":"2018-01-22 09:41:18","draft_of":null,"copy_of":null},{"id":15,"content_type":"product","subtype":"product","url":"care-my-bag","title":"Care My Bag","parent":"2","description":"","position":"10","content":null,"content_body":null,"is_active":"1","subtype_value":"","custom_type":null,"custom_type_value":null,"active_site_template":"","layout_file":"inherit","layout_name":null,"layout_style":null,"content_filename":null,"original_link":"","is_home":"0","is_pinged":"0","is_shop":"0","is_deleted":"0","require_login":"0","status":null,"content_meta_title":"","content_meta_keywords":"","session_id":"EP4S0sQ0Djnpr9nUB94OSrD9o4MfewxITdSuUd9h","updated_at":"2018-01-22 09:42:30","created_at":"2018-01-22 09:42:27","expires_at":null,"created_by":"1","edited_by":"1","posted_at":"2018-01-22 09:42:27","draft_of":null,"copy_of":null}],"content_data":[{"id":"1","updated_at":"2018-01-22 09:40:12","created_at":"2018-01-22 09:39:46","created_by":"1","edited_by":"1","content_id":"13","field_name":"qty","field_value":"nolimit","session_id":"EP4S0sQ0Djnpr9nUB94OSrD9o4MfewxITdSuUd9h","rel_type":"content","rel_id":"13"},{"id":"2","updated_at":"2018-01-22 09:40:12","created_at":"2018-01-22 09:39:46","created_by":"1","edited_by":"1","content_id":"13","field_name":"sku","field_value":"","session_id":"EP4S0sQ0Djnpr9nUB94OSrD9o4MfewxITdSuUd9h","rel_type":"content","rel_id":"13"},{"id":"3","updated_at":"2018-01-22 09:40:12","created_at":"2018-01-22 09:39:46","created_by":"1","edited_by":"1","content_id":"13","field_name":"shipping_weight","field_value":"","session_id":"EP4S0sQ0Djnpr9nUB94OSrD9o4MfewxITdSuUd9h","rel_type":"content","rel_id":"13"},{"id":"4","updated_at":"2018-01-22 09:40:12","created_at":"2018-01-22 09:39:46","created_by":"1","edited_by":"1","content_id":"13","field_name":"shipping_width","field_value":"","session_id":"EP4S0sQ0Djnpr9nUB94OSrD9o4MfewxITdSuUd9h","rel_type":"content","rel_id":"13"},{"id":"5","updated_at":"2018-01-22 09:40:12","created_at":"2018-01-22 09:39:47","created_by":"1","edited_by":"1","content_id":"13","field_name":"shipping_height","field_value":"","session_id":"EP4S0sQ0Djnpr9nUB94OSrD9o4MfewxITdSuUd9h","rel_type":"content","rel_id":"13"},{"id":"6","updated_at":"2018-01-22 09:40:13","created_at":"2018-01-22 09:39:47","created_by":"1","edited_by":"1","content_id":"13","field_name":"shipping_depth","field_value":"","session_id":"EP4S0sQ0Djnpr9nUB94OSrD9o4MfewxITdSuUd9h","rel_type":"content","rel_id":"13"},{"id":"7","updated_at":"2018-01-22 09:40:13","created_at":"2018-01-22 09:39:47","created_by":"1","edited_by":"1","content_id":"13","field_name":"additional_shipping_cost","field_value":"","session_id":"EP4S0sQ0Djnpr9nUB94OSrD9o4MfewxITdSuUd9h","rel_type":"content","rel_id":"13"},{"id":"8","updated_at":"2018-01-22 09:40:13","created_at":"2018-01-22 09:39:47","created_by":"1","edited_by":"1","content_id":"13","field_name":"max_qty_per_order","field_value":"","session_id":"EP4S0sQ0Djnpr9nUB94OSrD9o4MfewxITdSuUd9h","rel_type":"content","rel_id":"13"},{"id":"9","updated_at":"2018-01-22 09:41:18","created_at":"2018-01-22 09:41:18","created_by":"1","edited_by":"1","content_id":"14","field_name":"qty","field_value":"nolimit","session_id":"EP4S0sQ0Djnpr9nUB94OSrD9o4MfewxITdSuUd9h","rel_type":"content","rel_id":"14"},{"id":"10","updated_at":"2018-01-22 09:41:19","created_at":"2018-01-22 09:41:19","created_by":"1","edited_by":"1","content_id":"14","field_name":"sku","field_value":"","session_id":"EP4S0sQ0Djnpr9nUB94OSrD9o4MfewxITdSuUd9h","rel_type":"content","rel_id":"14"},{"id":"11","updated_at":"2018-01-22 09:41:19","created_at":"2018-01-22 09:41:19","created_by":"1","edited_by":"1","content_id":"14","field_name":"shipping_weight","field_value":"","session_id":"EP4S0sQ0Djnpr9nUB94OSrD9o4MfewxITdSuUd9h","rel_type":"content","rel_id":"14"},{"id":"12","updated_at":"2018-01-22 09:41:20","created_at":"2018-01-22 09:41:20","created_by":"1","edited_by":"1","content_id":"14","field_name":"shipping_width","field_value":"","session_id":"EP4S0sQ0Djnpr9nUB94OSrD9o4MfewxITdSuUd9h","rel_type":"content","rel_id":"14"},{"id":"13","updated_at":"2018-01-22 09:41:20","created_at":"2018-01-22 09:41:20","created_by":"1","edited_by":"1","content_id":"14","field_name":"shipping_height","field_value":"","session_id":"EP4S0sQ0Djnpr9nUB94OSrD9o4MfewxITdSuUd9h","rel_type":"content","rel_id":"14"},{"id":"14","updated_at":"2018-01-22 09:41:20","created_at":"2018-01-22 09:41:20","created_by":"1","edited_by":"1","content_id":"14","field_name":"shipping_depth","field_value":"","session_id":"EP4S0sQ0Djnpr9nUB94OSrD9o4MfewxITdSuUd9h","rel_type":"content","rel_id":"14"},{"id":"15","updated_at":"2018-01-22 09:41:21","created_at":"2018-01-22 09:41:21","created_by":"1","edited_by":"1","content_id":"14","field_name":"additional_shipping_cost","field_value":"","session_id":"EP4S0sQ0Djnpr9nUB94OSrD9o4MfewxITdSuUd9h","rel_type":"content","rel_id":"14"},{"id":"16","updated_at":"2018-01-22 09:41:21","created_at":"2018-01-22 09:41:21","created_by":"1","edited_by":"1","content_id":"14","field_name":"max_qty_per_order","field_value":"","session_id":"EP4S0sQ0Djnpr9nUB94OSrD9o4MfewxITdSuUd9h","rel_type":"content","rel_id":"14"},{"id":"17","updated_at":"2018-01-22 09:42:28","created_at":"2018-01-22 09:42:28","created_by":"1","edited_by":"1","content_id":"15","field_name":"qty","field_value":"nolimit","session_id":"EP4S0sQ0Djnpr9nUB94OSrD9o4MfewxITdSuUd9h","rel_type":"content","rel_id":"15"},{"id":"18","updated_at":"2018-01-22 09:42:28","created_at":"2018-01-22 09:42:28","created_by":"1","edited_by":"1","content_id":"15","field_name":"sku","field_value":"","session_id":"EP4S0sQ0Djnpr9nUB94OSrD9o4MfewxITdSuUd9h","rel_type":"content","rel_id":"15"},{"id":"19","updated_at":"2018-01-22 09:42:28","created_at":"2018-01-22 09:42:28","created_by":"1","edited_by":"1","content_id":"15","field_name":"shipping_weight","field_value":"","session_id":"EP4S0sQ0Djnpr9nUB94OSrD9o4MfewxITdSuUd9h","rel_type":"content","rel_id":"15"},{"id":"20","updated_at":"2018-01-22 09:42:29","created_at":"2018-01-22 09:42:29","created_by":"1","edited_by":"1","content_id":"15","field_name":"shipping_width","field_value":"","session_id":"EP4S0sQ0Djnpr9nUB94OSrD9o4MfewxITdSuUd9h","rel_type":"content","rel_id":"15"},{"id":"21","updated_at":"2018-01-22 09:42:29","created_at":"2018-01-22 09:42:29","created_by":"1","edited_by":"1","content_id":"15","field_name":"shipping_height","field_value":"","session_id":"EP4S0sQ0Djnpr9nUB94OSrD9o4MfewxITdSuUd9h","rel_type":"content","rel_id":"15"},{"id":"22","updated_at":"2018-01-22 09:42:29","created_at":"2018-01-22 09:42:29","created_by":"1","edited_by":"1","content_id":"15","field_name":"shipping_depth","field_value":"","session_id":"EP4S0sQ0Djnpr9nUB94OSrD9o4MfewxITdSuUd9h","rel_type":"content","rel_id":"15"},{"id":"23","updated_at":"2018-01-22 09:42:29","created_at":"2018-01-22 09:42:29","created_by":"1","edited_by":"1","content_id":"15","field_name":"additional_shipping_cost","field_value":"","session_id":"EP4S0sQ0Djnpr9nUB94OSrD9o4MfewxITdSuUd9h","rel_type":"content","rel_id":"15"},{"id":"24","updated_at":"2018-01-22 09:42:29","created_at":"2018-01-22 09:42:29","created_by":"1","edited_by":"1","content_id":"15","field_name":"max_qty_per_order","field_value":"","session_id":"EP4S0sQ0Djnpr9nUB94OSrD9o4MfewxITdSuUd9h","rel_type":"content","rel_id":"15"}],"content_fields":[{"id":"1","updated_at":"2018-01-22 09:01:08","created_at":"2018-01-22 09:01:08","created_by":"1","edited_by":"1","rel_type":"content","rel_id":"7","field":"title","value":"The Rock"},{"id":"2","updated_at":"2018-01-22 09:01:08","created_at":"2018-01-22 09:01:08","created_by":"1","edited_by":"1","rel_type":"content","rel_id":"7","field":"content_body","value":"\n                                <div class=\"element\">\n                                    <p id=\"dlp-item-1516611494020\" class=\"element\" align=\"justify\" style='margin: 10px 0px; padding: 0px; box-sizing: border-box; font-size: 16px; line-height: 24px; color: rgb(119, 119, 119); position: relative; display: block; clear: both; transition: none !important; transform-origin: 50% 50% 0px; zoom: 1; font-family: \"Open Sans\", sans-serif; font-style: normal; font-variant-ligatures: normal; font-variant-caps: normal; font-weight: 400; letter-spacing: normal; orphans: 2; text-indent: 0px; text-transform: none; white-space: normal; widows: 2; word-spacing: 0px; -webkit-text-stroke-width: 0px; background-color: rgb(255, 255, 255); text-decoration-style: initial; text-decoration-color: initial;'>This text is set by default and is suitable for edit in real time. By default the drag and drop core feature will allow you to position it anywhere on the site. Get creative, Make Web.<\/p>\n<p align=\"justify\" class=\"element\" id=\"element_1516611493644\"><\/p>\n<p id=\"dlp-item-1516611494021\" class=\"element\" align=\"justify\" style='margin: 10px 0px; padding: 0px; box-sizing: border-box; font-size: 16px; line-height: 24px; color: rgb(119, 119, 119); position: relative; display: block; clear: both; transition: none !important; transform-origin: 50% 50% 0px; zoom: 1; font-family: \"Open Sans\", sans-serif; font-style: normal; font-variant-ligatures: normal; font-variant-caps: normal; font-weight: 400; letter-spacing: normal; orphans: 2; text-indent: 0px; text-transform: none; white-space: normal; widows: 2; word-spacing: 0px; -webkit-text-stroke-width: 0px; background-color: rgb(255, 255, 255); text-decoration-style: initial; text-decoration-color: initial;'>It was popularised in the 1960s with the release of Letraset sheets containing Lorem Ipsum passages, and more recently with desktop publishing software like Aldus PageMaker including versions of Lorem Ipsum.<\/p>\n                                <\/div>\n                            "},{"id":"3","updated_at":"2018-01-22 09:11:42","created_at":"2018-01-22 09:11:42","created_by":"1","edited_by":"1","rel_type":"content","rel_id":"8","field":"title","value":"Pure Nature"},{"id":"4","updated_at":"2018-01-22 09:13:32","created_at":"2018-01-22 09:13:32","created_by":"1","edited_by":"1","rel_type":"content","rel_id":"9","field":"title","value":"Wild Animals"},{"id":"5","updated_at":"2018-01-22 09:18:48","created_at":"2018-01-22 09:18:48","created_by":"1","edited_by":"1","rel_type":"content","rel_id":"10","field":"darock_content","value":"\n    <div class=\"container nodrop\" id=\"blog-container\">\n        <div class=\"box-container element\">\n            <div id=\"blog-content-10\" class=\" element\">\n                <div class=\"element\" data-mw=\"main\">\n                    <div class=\"col-lg-9\" id=\"blog-main-inner\">\n                        <h3 class=\"page-title edit nodrop\" field=\"title\" rel=\"content\">Art<\/h3>\n                        <div class=\"post-content element\">\n                            <module class=\"module module-pictures\" id=\"module-pictures-10\" data-mw-title=\"Picture Gallery\" data-type=\"pictures\" data-template=\"skin-2\" rel=\"content\" parent-module=\"pictures\" parent-module-id=\"module-pictures-10\"><\/module>\n<div class=\"edit\" field=\"content_body\" rel=\"content\">\n                                <div class=\"element\">\n                                    <p align=\"justify\" class=\" element\">This text is set by default and is suitable for edit in real time. By default the drag and drop core feature will allow you to position it\n                                        anywhere\n                                        on the site. Get creative, Make Web.<\/p>\n                                <\/div>\n                            <\/div>\n                        <\/div>\n                        <hr>\n<div class=\" element\">\n                            <div class=\"blog-socials-bar element\" style=\"width: 320px;\">\n                                <div class=\"mw-ui-row-nodrop element\">\n                                    <div class=\"mw-ui-col\">\n                                        <module class=\" module module-sharer \" data-mw-title=\"Sharer\" id=\"blog-post-share\" data-type=\"sharer\" parent-module=\"sharer\" parent-module-id=\"blog-post-share\"><\/module>\n<\/div>\n                                <\/div>\n                            <\/div>\n                        <\/div>\n                        <hr>\n<br><module class=\" module module-comments \" id=\"module-comments-10\" data-mw-title=\"Comments\" data-type=\"comments\" data-content-id=\"10\" parent-module=\"comments\" parent-module-id=\"module-comments-10\"><\/module>\n<\/div>\n\n                    <div class=\"col-lg-3\" id=\"blog-sidebar\">\n                            <div class=\"edit sidebar\" field=\"darock_blog_sidebar_2\" rel=\"inherit\">\n        <h4 class=\"element sidebar-title\">Recent posts<\/h4>\n        <div class=\"sidebar-box element\">\n            <module class=\" module module-posts \" id=\"module-posts-10\" data-mw-title=\"Posts List\" template=\"sidebar\" limit=\"5\" data-show=\"thumbnail,title,description\" hide-paging=\"y\" title-length=\"40\" description-length=\"50\" data-type=\"posts\" parent-module=\"posts\" parent-module-id=\"module-posts-10\"><\/module>\n<\/div>\n    <\/div>\n\n<div class=\"edit sidebar\" field=\"darock_blog_sidebar\" rel=\"inherit\">\n    <h4 class=\"element sidebar-title\">Blog Categories<\/h4>\n\n    <div class=\"sidebar-box element\">\n        <module class=\" module module-categories \" id=\"module-categories-10\" data-mw-title=\"Categories\" data-type=\"categories\" parent-module=\"categories\" parent-module-id=\"module-categories-10\"><\/module>\n<\/div>\n<\/div>\n                    <\/div>\n                <\/div>\n            <\/div>\n        <\/div>\n    <\/div>\n    \n"},{"id":"6","updated_at":"2018-01-22 09:23:35","created_at":"2018-01-22 09:23:35","created_by":"1","edited_by":"1","rel_type":"content","rel_id":"11","field":"title","value":"\u00e2\u0080\u008c\u00c2\u00a0Design"},{"id":"7","updated_at":"2018-01-22 09:25:23","created_at":"2018-01-22 09:25:23","created_by":"1","edited_by":"1","rel_type":"content","rel_id":"12","field":"title","value":"Cool Stuff"},{"id":"8","updated_at":"2018-01-22 09:25:36","created_at":"2018-01-22 09:25:36","created_by":"1","edited_by":"1","rel_type":"content","rel_id":"6","field":"darock_content","value":"\n    <module class=\"module module-layouts\" id=\"module-layouts-6\" data-mw-title=\"Layouts\" template=\"skin-8\" data-type=\"layouts\" parent-module=\"layouts\" parent-module-id=\"module-layouts-6\"><\/module>\n<module class=\"module module-layouts\" id=\"module-layouts-6--1\" data-mw-title=\"Layouts\" template=\"skin-6\" data-type=\"layouts\" parent-module=\"layouts\" parent-module-id=\"module-layouts-6--1\"><\/module>\n<module class=\"module module-layouts\" id=\"module-layouts-6--2\" data-mw-title=\"Layouts\" template=\"skin-7\" data-type=\"layouts\" parent-module=\"layouts\" parent-module-id=\"module-layouts-6--2\"><\/module>\n"},{"id":"9","updated_at":"2018-01-22 09:25:37","created_at":"2018-01-22 09:25:37","created_by":"1","edited_by":"1","rel_type":"module","rel_id":"0","field":"layout-skin-8-module-layouts-6","value":"\n    <div class=\"container\">\n        <div class=\"box-container\">\n            <h2 class=\"element\" align=\"center\">Contact us<\/h2>\n            <p><br><\/p>\n        <\/div>\n    <\/div>\n"},{"id":"10","updated_at":"2018-01-22 09:29:16","created_at":"2018-01-22 09:29:16","created_by":"1","edited_by":"1","rel_type":"content","rel_id":"5","field":"darock_content","value":"\n    <module class=\"module module-layouts\" id=\"module-layouts-5\" data-mw-title=\"Layouts\" template=\"skin-5\" data-type=\"layouts\" parent-module=\"layouts\" parent-module-id=\"module-layouts-5\"><\/module>\n"},{"id":"11","updated_at":"2018-01-22 09:29:17","created_at":"2018-01-22 09:29:17","created_by":"1","edited_by":"1","rel_type":"module","rel_id":"0","field":"layout-skin-5-module-layouts-5","value":"\n    <section id=\"content\"><div class=\"container\">\n            <div class=\"box-container col-xs-12\">\n                <h2>About us<\/h2>\n                <div class=\"richtext\">\n                    <p><img src=\"{SITE_URL}userfiles\/templates\/darock\/img\/about_me.jpg\"><\/p>\n                    <p>Information about me<\/p>\n                    <p>Nunc eu felis fringilla enim luctus tincidunt. Sed sit amet gravida lorem, tincidunt varius erat. Fusce mi purus, tincidunt ultricies ultrices vel, auctor ut diam. Pellentesque\n                        non\n                        scelerisque leo, nec cursus lectus.<\/p>\n                    <p>Donec suscipit turpis ac leo dictum ornare sed ac dolor. Suspendisse ultrices dui vel posuere tincidunt. Vivamus gravida, massa nec varius lobortis, lacus magna dignissim dolor,\n                        nec\n                        vestibulum nunc odio non nulla.<\/p>\n                <\/div>\n            <\/div>\n        <\/div>\n    <\/section>\n"},{"id":"12","updated_at":"2018-01-22 09:39:49","created_at":"2018-01-22 09:39:49","created_by":"1","edited_by":"1","rel_type":"content","rel_id":"13","field":"title","value":"Get My Camera"}],"media":[{"id":1,"updated_at":"2018-01-22 08:59:55","created_at":"2018-01-22 08:59:55","created_by":"1","edited_by":"1","session_id":"EP4S0sQ0Djnpr9nUB94OSrD9o4MfewxITdSuUd9h","rel_type":"content","rel_id":"7","media_type":"picture","position":"9999999","title":null,"description":null,"embed_code":null,"filename":"{SITE_URL}userfiles\/media\/darock-template-microweber-com\/uploaded\/156h.jpg","image_options":null},{"id":2,"updated_at":"2018-01-22 08:59:58","created_at":"2018-01-22 08:59:58","created_by":"1","edited_by":"1","session_id":"EP4S0sQ0Djnpr9nUB94OSrD9o4MfewxITdSuUd9h","rel_type":"content","rel_id":"7","media_type":"picture","position":"9999999","title":null,"description":null,"embed_code":null,"filename":"{SITE_URL}userfiles\/media\/darock-template-microweber-com\/uploaded\/2012_1003.jpg","image_options":null},{"id":3,"updated_at":"2018-01-22 09:00:00","created_at":"2018-01-22 09:00:00","created_by":"1","edited_by":"1","session_id":"EP4S0sQ0Djnpr9nUB94OSrD9o4MfewxITdSuUd9h","rel_type":"content","rel_id":"7","media_type":"picture","position":"9999999","title":null,"description":null,"embed_code":null,"filename":"{SITE_URL}userfiles\/media\/darock-template-microweber-com\/uploaded\/2012_1037.jpg","image_options":null},{"id":4,"updated_at":"2018-01-22 09:00:00","created_at":"2018-01-22 09:00:00","created_by":"1","edited_by":"1","session_id":"EP4S0sQ0Djnpr9nUB94OSrD9o4MfewxITdSuUd9h","rel_type":"content","rel_id":"7","media_type":"picture","position":"9999999","title":null,"description":null,"embed_code":null,"filename":"{SITE_URL}userfiles\/media\/darock-template-microweber-com\/uploaded\/cover_7.jpg","image_options":null},{"id":5,"updated_at":"2018-01-22 09:11:24","created_at":"2018-01-22 09:11:24","created_by":"1","edited_by":"1","session_id":"EP4S0sQ0Djnpr9nUB94OSrD9o4MfewxITdSuUd9h","rel_type":"content","rel_id":"8","media_type":"picture","position":"9999999","title":null,"description":null,"embed_code":null,"filename":"{SITE_URL}userfiles\/media\/darock-template-microweber-com\/uploaded\/157h.jpg","image_options":null},{"id":6,"updated_at":"2018-01-22 09:11:26","created_at":"2018-01-22 09:11:26","created_by":"1","edited_by":"1","session_id":"EP4S0sQ0Djnpr9nUB94OSrD9o4MfewxITdSuUd9h","rel_type":"content","rel_id":"8","media_type":"picture","position":"9999999","title":null,"description":null,"embed_code":null,"filename":"{SITE_URL}userfiles\/media\/darock-template-microweber-com\/uploaded\/8939985436_6101fd18b7_o.jpg","image_options":null},{"id":7,"updated_at":"2018-01-22 09:11:27","created_at":"2018-01-22 09:11:27","created_by":"1","edited_by":"1","session_id":"EP4S0sQ0Djnpr9nUB94OSrD9o4MfewxITdSuUd9h","rel_type":"content","rel_id":"8","media_type":"picture","position":"9999999","title":null,"description":null,"embed_code":null,"filename":"{SITE_URL}userfiles\/media\/darock-template-microweber-com\/uploaded\/2014111312174412729651625_1cac411099_bqwd.jpg","image_options":null},{"id":8,"updated_at":"2018-01-22 09:11:30","created_at":"2018-01-22 09:11:30","created_by":"1","edited_by":"1","session_id":"EP4S0sQ0Djnpr9nUB94OSrD9o4MfewxITdSuUd9h","rel_type":"content","rel_id":"8","media_type":"picture","position":"9999999","title":null,"description":null,"embed_code":null,"filename":"{SITE_URL}userfiles\/media\/darock-template-microweber-com\/uploaded\/2014111312174413858750125_c2bf72642b_b.jpg","image_options":null},{"id":9,"updated_at":"2018-01-22 09:13:16","created_at":"2018-01-22 09:13:16","created_by":"1","edited_by":"1","session_id":"EP4S0sQ0Djnpr9nUB94OSrD9o4MfewxITdSuUd9h","rel_type":"content","rel_id":"9","media_type":"picture","position":"9999999","title":null,"description":null,"embed_code":null,"filename":"{SITE_URL}userfiles\/media\/darock-template-microweber-com\/uploaded\/78h.jpg","image_options":null},{"id":10,"updated_at":"2018-01-22 09:13:18","created_at":"2018-01-22 09:13:18","created_by":"1","edited_by":"1","session_id":"EP4S0sQ0Djnpr9nUB94OSrD9o4MfewxITdSuUd9h","rel_type":"content","rel_id":"9","media_type":"picture","position":"9999999","title":null,"description":null,"embed_code":null,"filename":"{SITE_URL}userfiles\/media\/darock-template-microweber-com\/uploaded\/9622657288_07af56dc29_c.jpg","image_options":null},{"id":11,"updated_at":"2018-01-22 09:13:20","created_at":"2018-01-22 09:13:20","created_by":"1","edited_by":"1","session_id":"EP4S0sQ0Djnpr9nUB94OSrD9o4MfewxITdSuUd9h","rel_type":"content","rel_id":"9","media_type":"picture","position":"9999999","title":null,"description":null,"embed_code":null,"filename":"{SITE_URL}userfiles\/media\/darock-template-microweber-com\/uploaded\/9756849575_1cc190666e_b.jpg","image_options":null},{"id":12,"updated_at":"2018-01-22 09:13:22","created_at":"2018-01-22 09:13:22","created_by":"1","edited_by":"1","session_id":"EP4S0sQ0Djnpr9nUB94OSrD9o4MfewxITdSuUd9h","rel_type":"content","rel_id":"9","media_type":"picture","position":"9999999","title":null,"description":null,"embed_code":null,"filename":"{SITE_URL}userfiles\/media\/darock-template-microweber-com\/uploaded\/2014111312160510552010753_d67134c914_h.jpg","image_options":null},{"id":13,"updated_at":"2018-01-22 09:15:23","created_at":"2018-01-22 09:15:23","created_by":"1","edited_by":"1","session_id":"EP4S0sQ0Djnpr9nUB94OSrD9o4MfewxITdSuUd9h","rel_type":"content","rel_id":"10","media_type":"picture","position":"9999999","title":null,"description":null,"embed_code":null,"filename":"{SITE_URL}userfiles\/media\/darock-template-microweber-com\/uploaded\/1801220915215a65aba988d2b129h.jpg","image_options":null},{"id":14,"updated_at":"2018-01-22 09:15:26","created_at":"2018-01-22 09:15:26","created_by":"1","edited_by":"1","session_id":"EP4S0sQ0Djnpr9nUB94OSrD9o4MfewxITdSuUd9h","rel_type":"content","rel_id":"10","media_type":"picture","position":"9999999","title":null,"description":null,"embed_code":null,"filename":"{SITE_URL}userfiles\/media\/darock-template-microweber-com\/uploaded\/bs_020714_01_630x398.jpg","image_options":null},{"id":15,"updated_at":"2018-01-22 09:15:29","created_at":"2018-01-22 09:15:29","created_by":"1","edited_by":"1","session_id":"EP4S0sQ0Djnpr9nUB94OSrD9o4MfewxITdSuUd9h","rel_type":"content","rel_id":"10","media_type":"picture","position":"9999999","title":null,"description":null,"embed_code":null,"filename":"{SITE_URL}userfiles\/media\/darock-template-microweber-com\/uploaded\/bt_230614_02_630x420.jpg","image_options":null},{"id":16,"updated_at":"2018-01-22 09:15:32","created_at":"2018-01-22 09:15:32","created_by":"1","edited_by":"1","session_id":"EP4S0sQ0Djnpr9nUB94OSrD9o4MfewxITdSuUd9h","rel_type":"content","rel_id":"10","media_type":"picture","position":"9999999","title":null,"description":null,"embed_code":null,"filename":"{SITE_URL}userfiles\/media\/darock-template-microweber-com\/uploaded\/di_040914_01_630x453.jpg","image_options":null},{"id":17,"updated_at":"2018-01-22 09:15:33","created_at":"2018-01-22 09:15:33","created_by":"1","edited_by":"1","session_id":"EP4S0sQ0Djnpr9nUB94OSrD9o4MfewxITdSuUd9h","rel_type":"content","rel_id":"10","media_type":"picture","position":"9999999","title":null,"description":null,"embed_code":null,"filename":"{SITE_URL}userfiles\/media\/darock-template-microweber-com\/uploaded\/cb_020914_01_630x415.jpg","image_options":null},{"id":18,"updated_at":"2018-01-22 09:20:07","created_at":"2018-01-22 09:20:07","created_by":"1","edited_by":"1","session_id":"EP4S0sQ0Djnpr9nUB94OSrD9o4MfewxITdSuUd9h","rel_type":"content","rel_id":"11","media_type":"picture","position":"9999999","title":null,"description":null,"embed_code":null,"filename":"{SITE_URL}userfiles\/media\/darock-template-microweber-com\/uploaded\/130h.jpg","image_options":null},{"id":19,"updated_at":"2018-01-22 09:20:09","created_at":"2018-01-22 09:20:09","created_by":"1","edited_by":"1","session_id":"EP4S0sQ0Djnpr9nUB94OSrD9o4MfewxITdSuUd9h","rel_type":"content","rel_id":"11","media_type":"picture","position":"9999999","title":null,"description":null,"embed_code":null,"filename":"{SITE_URL}userfiles\/media\/darock-template-microweber-com\/uploaded\/pr_120814_08_630x420.jpg","image_options":null},{"id":20,"updated_at":"2018-01-22 09:20:11","created_at":"2018-01-22 09:20:11","created_by":"1","edited_by":"1","session_id":"EP4S0sQ0Djnpr9nUB94OSrD9o4MfewxITdSuUd9h","rel_type":"content","rel_id":"11","media_type":"picture","position":"9999999","title":null,"description":null,"embed_code":null,"filename":"{SITE_URL}userfiles\/media\/darock-template-microweber-com\/uploaded\/ro_010714_01_630x890.jpg","image_options":null},{"id":21,"updated_at":"2018-01-22 09:20:14","created_at":"2018-01-22 09:20:14","created_by":"1","edited_by":"1","session_id":"EP4S0sQ0Djnpr9nUB94OSrD9o4MfewxITdSuUd9h","rel_type":"content","rel_id":"11","media_type":"picture","position":"9999999","title":null,"description":null,"embed_code":null,"filename":"{SITE_URL}userfiles\/media\/darock-template-microweber-com\/uploaded\/sw_270514_01_630x585.jpg","image_options":null},{"id":22,"updated_at":"2018-01-22 09:20:17","created_at":"2018-01-22 09:20:17","created_by":"1","edited_by":"1","session_id":"EP4S0sQ0Djnpr9nUB94OSrD9o4MfewxITdSuUd9h","rel_type":"content","rel_id":"11","media_type":"picture","position":"9999999","title":null,"description":null,"embed_code":null,"filename":"{SITE_URL}userfiles\/media\/darock-template-microweber-com\/uploaded\/tc_061212_08_630x472.jpg","image_options":null},{"id":23,"updated_at":"2018-01-22 09:20:20","created_at":"2018-01-22 09:20:20","created_by":"1","edited_by":"1","session_id":"EP4S0sQ0Djnpr9nUB94OSrD9o4MfewxITdSuUd9h","rel_type":"content","rel_id":"11","media_type":"picture","position":"9999999","title":null,"description":null,"embed_code":null,"filename":"{SITE_URL}userfiles\/media\/darock-template-microweber-com\/uploaded\/tw_071114_18_630x465.jpg","image_options":null},{"id":24,"updated_at":"2018-01-22 09:20:22","created_at":"2018-01-22 09:20:22","created_by":"1","edited_by":"1","session_id":"EP4S0sQ0Djnpr9nUB94OSrD9o4MfewxITdSuUd9h","rel_type":"content","rel_id":"11","media_type":"picture","position":"9999999","title":null,"description":null,"embed_code":null,"filename":"{SITE_URL}userfiles\/media\/darock-template-microweber-com\/uploaded\/wo_190614_01_630x548.jpg","image_options":null},{"id":25,"updated_at":"2018-01-22 09:24:39","created_at":"2018-01-22 09:24:39","created_by":"1","edited_by":"1","session_id":"EP4S0sQ0Djnpr9nUB94OSrD9o4MfewxITdSuUd9h","rel_type":"content","rel_id":"12","media_type":"picture","position":"9999999","title":null,"description":null,"embed_code":null,"filename":"{SITE_URL}userfiles\/media\/darock-template-microweber-com\/uploaded\/93h.jpg","image_options":null},{"id":26,"updated_at":"2018-01-22 09:24:41","created_at":"2018-01-22 09:24:41","created_by":"1","edited_by":"1","session_id":"EP4S0sQ0Djnpr9nUB94OSrD9o4MfewxITdSuUd9h","rel_type":"content","rel_id":"12","media_type":"picture","position":"9999999","title":null,"description":null,"embed_code":null,"filename":"{SITE_URL}userfiles\/media\/darock-template-microweber-com\/uploaded\/be_150714_03_630x470.jpg","image_options":null},{"id":27,"updated_at":"2018-01-22 09:24:43","created_at":"2018-01-22 09:24:43","created_by":"1","edited_by":"1","session_id":"EP4S0sQ0Djnpr9nUB94OSrD9o4MfewxITdSuUd9h","rel_type":"content","rel_id":"12","media_type":"picture","position":"9999999","title":null,"description":null,"embed_code":null,"filename":"{SITE_URL}userfiles\/media\/darock-template-microweber-com\/uploaded\/bo_290514_01_630x420.jpg","image_options":null},{"id":28,"updated_at":"2018-01-22 09:24:45","created_at":"2018-01-22 09:24:45","created_by":"1","edited_by":"1","session_id":"EP4S0sQ0Djnpr9nUB94OSrD9o4MfewxITdSuUd9h","rel_type":"content","rel_id":"12","media_type":"picture","position":"9999999","title":null,"description":null,"embed_code":null,"filename":"{SITE_URL}userfiles\/media\/darock-template-microweber-com\/uploaded\/bs_271113_01_630x353.jpg","image_options":null},{"id":29,"updated_at":"2018-01-22 09:24:46","created_at":"2018-01-22 09:24:46","created_by":"1","edited_by":"1","session_id":"EP4S0sQ0Djnpr9nUB94OSrD9o4MfewxITdSuUd9h","rel_type":"content","rel_id":"12","media_type":"picture","position":"9999999","title":null,"description":null,"embed_code":null,"filename":"{SITE_URL}userfiles\/media\/darock-template-microweber-com\/uploaded\/ti_220814_01.jpg","image_options":null},{"id":30,"updated_at":"2018-01-22 09:31:28","created_at":"2018-01-22 09:31:28","created_by":"1","edited_by":"1","session_id":"EP4S0sQ0Djnpr9nUB94OSrD9o4MfewxITdSuUd9h","rel_type":"content","rel_id":"4","media_type":"picture","position":"9999999","title":null,"description":null,"embed_code":null,"filename":"{SITE_URL}userfiles\/media\/darock-template-microweber-com\/uploaded\/10295747216_35470c8cb7_k_min.jpg","image_options":null},{"id":31,"updated_at":"2018-01-22 09:31:29","created_at":"2018-01-22 09:31:29","created_by":"1","edited_by":"1","session_id":"EP4S0sQ0Djnpr9nUB94OSrD9o4MfewxITdSuUd9h","rel_type":"content","rel_id":"4","media_type":"picture","position":"9999999","title":null,"description":null,"embed_code":null,"filename":"{SITE_URL}userfiles\/media\/darock-template-microweber-com\/uploaded\/12729651625_1cac411099_bqwd.jpg","image_options":null},{"id":32,"updated_at":"2018-01-22 09:31:31","created_at":"2018-01-22 09:31:31","created_by":"1","edited_by":"1","session_id":"EP4S0sQ0Djnpr9nUB94OSrD9o4MfewxITdSuUd9h","rel_type":"content","rel_id":"4","media_type":"picture","position":"9999999","title":null,"description":null,"embed_code":null,"filename":"{SITE_URL}userfiles\/media\/darock-template-microweber-com\/uploaded\/13858750125_c2bf72642b_b.jpg","image_options":null},{"id":33,"updated_at":"2018-01-22 09:31:33","created_at":"2018-01-22 09:31:33","created_by":"1","edited_by":"1","session_id":"EP4S0sQ0Djnpr9nUB94OSrD9o4MfewxITdSuUd9h","rel_type":"content","rel_id":"4","media_type":"picture","position":"9999999","title":null,"description":null,"embed_code":null,"filename":"{SITE_URL}userfiles\/media\/darock-template-microweber-com\/uploaded\/13982700002_f0e697fe2f_b.jpg","image_options":null},{"id":34,"updated_at":"2018-01-22 09:31:35","created_at":"2018-01-22 09:31:35","created_by":"1","edited_by":"1","session_id":"EP4S0sQ0Djnpr9nUB94OSrD9o4MfewxITdSuUd9h","rel_type":"content","rel_id":"4","media_type":"picture","position":"9999999","title":null,"description":null,"embed_code":null,"filename":"{SITE_URL}userfiles\/media\/darock-template-microweber-com\/uploaded\/14473081211_663d96ef47_b.jpg","image_options":null},{"id":35,"updated_at":"2018-01-22 09:31:38","created_at":"2018-01-22 09:31:38","created_by":"1","edited_by":"1","session_id":"EP4S0sQ0Djnpr9nUB94OSrD9o4MfewxITdSuUd9h","rel_type":"content","rel_id":"4","media_type":"picture","position":"9999999","title":null,"description":null,"embed_code":null,"filename":"{SITE_URL}userfiles\/media\/darock-template-microweber-com\/uploaded\/tn-1809681682.jpg","image_options":null},{"id":36,"updated_at":"2018-01-22 09:39:36","created_at":"2018-01-22 09:39:36","created_by":"1","edited_by":"1","session_id":"EP4S0sQ0Djnpr9nUB94OSrD9o4MfewxITdSuUd9h","rel_type":"content","rel_id":"13","media_type":"picture","position":"9999999","title":null,"description":null,"embed_code":null,"filename":"{SITE_URL}userfiles\/media\/darock-template-microweber-com\/uploaded\/6028849961_c123999955_z.jpg","image_options":null},{"id":37,"updated_at":"2018-01-22 09:39:36","created_at":"2018-01-22 09:39:36","created_by":"1","edited_by":"1","session_id":"EP4S0sQ0Djnpr9nUB94OSrD9o4MfewxITdSuUd9h","rel_type":"content","rel_id":"13","media_type":"picture","position":"9999999","title":null,"description":null,"embed_code":null,"filename":"{SITE_URL}userfiles\/media\/darock-template-microweber-com\/uploaded\/amateur_photography.jpg","image_options":null},{"id":38,"updated_at":"2018-01-22 09:39:38","created_at":"2018-01-22 09:39:38","created_by":"1","edited_by":"1","session_id":"EP4S0sQ0Djnpr9nUB94OSrD9o4MfewxITdSuUd9h","rel_type":"content","rel_id":"13","media_type":"picture","position":"9999999","title":null,"description":null,"embed_code":null,"filename":"{SITE_URL}userfiles\/media\/darock-template-microweber-com\/uploaded\/aparat.jpg","image_options":null},{"id":39,"updated_at":"2018-01-22 09:39:40","created_at":"2018-01-22 09:39:40","created_by":"1","edited_by":"1","session_id":"EP4S0sQ0Djnpr9nUB94OSrD9o4MfewxITdSuUd9h","rel_type":"content","rel_id":"13","media_type":"picture","position":"9999999","title":null,"description":null,"embed_code":null,"filename":"{SITE_URL}userfiles\/media\/darock-template-microweber-com\/uploaded\/photography_beginner.jpg","image_options":null},{"id":40,"updated_at":"2018-01-22 09:39:42","created_at":"2018-01-22 09:39:42","created_by":"1","edited_by":"1","session_id":"EP4S0sQ0Djnpr9nUB94OSrD9o4MfewxITdSuUd9h","rel_type":"content","rel_id":"13","media_type":"picture","position":"9999999","title":null,"description":null,"embed_code":null,"filename":"{SITE_URL}userfiles\/media\/darock-template-microweber-com\/uploaded\/photography_business_management_tips_1_2_800x477.jpg","image_options":null},{"id":41,"updated_at":"2018-01-22 09:41:04","created_at":"2018-01-22 09:41:04","created_by":"1","edited_by":"1","session_id":"EP4S0sQ0Djnpr9nUB94OSrD9o4MfewxITdSuUd9h","rel_type":"content","rel_id":"14","media_type":"picture","position":"9999999","title":null,"description":null,"embed_code":null,"filename":"{SITE_URL}userfiles\/media\/darock-template-microweber-com\/uploaded\/439158498_359.jpg","image_options":null},{"id":42,"updated_at":"2018-01-22 09:41:05","created_at":"2018-01-22 09:41:05","created_by":"1","edited_by":"1","session_id":"EP4S0sQ0Djnpr9nUB94OSrD9o4MfewxITdSuUd9h","rel_type":"content","rel_id":"14","media_type":"picture","position":"9999999","title":null,"description":null,"embed_code":null,"filename":"{SITE_URL}userfiles\/media\/darock-template-microweber-com\/uploaded\/439158599_860.jpg","image_options":null},{"id":43,"updated_at":"2018-01-22 09:42:21","created_at":"2018-01-22 09:42:21","created_by":"1","edited_by":"1","session_id":"EP4S0sQ0Djnpr9nUB94OSrD9o4MfewxITdSuUd9h","rel_type":"content","rel_id":"15","media_type":"picture","position":"9999999","title":null,"description":null,"embed_code":null,"filename":"{SITE_URL}userfiles\/media\/darock-template-microweber-com\/uploaded\/mountain_bag_large_camping_bag.jpg","image_options":null},{"id":44,"updated_at":"2018-01-22 09:42:22","created_at":"2018-01-22 09:42:22","created_by":"1","edited_by":"1","session_id":"EP4S0sQ0Djnpr9nUB94OSrD9o4MfewxITdSuUd9h","rel_type":"content","rel_id":"15","media_type":"picture","position":"9999999","title":null,"description":null,"embed_code":null,"filename":"{SITE_URL}userfiles\/media\/darock-template-microweber-com\/uploaded\/mountain_bag_large_camping_bag_1_.jpg","image_options":null}],"custom_fields":[{"id":"1","rel_type":"module","rel_id":"module-layouts-9-contact-form","position":"0","type":"name","name":"Name","name_key":"name","updated_at":"2018-01-22 08:54:22","created_at":"2018-01-22 08:54:22","created_by":"1","edited_by":"1","session_id":"EP4S0sQ0Djnpr9nUB94OSrD9o4MfewxITdSuUd9h","options":null,"is_active":"1","required":null,"copy_of_field":null},{"id":"2","rel_type":"module","rel_id":"module-layouts-9-contact-form","position":"1","type":"email","name":"Email","name_key":"email","updated_at":"2018-01-22 08:54:22","created_at":"2018-01-22 08:54:22","created_by":"1","edited_by":"1","session_id":"EP4S0sQ0Djnpr9nUB94OSrD9o4MfewxITdSuUd9h","options":null,"is_active":"1","required":null,"copy_of_field":null},{"id":"3","rel_type":"module","rel_id":"module-layouts-9-contact-form","position":"2","type":"message","name":"Message","name_key":"message","updated_at":"2018-01-22 08:54:23","created_at":"2018-01-22 08:54:23","created_by":"1","edited_by":"1","session_id":"EP4S0sQ0Djnpr9nUB94OSrD9o4MfewxITdSuUd9h","options":null,"is_active":"1","required":null,"copy_of_field":null},{"id":"4","rel_type":"module","rel_id":"module-layouts-10-contact-form","position":"0","type":"name","name":"Name","name_key":"name","updated_at":"2018-01-22 08:54:24","created_at":"2018-01-22 08:54:24","created_by":"1","edited_by":"1","session_id":"EP4S0sQ0Djnpr9nUB94OSrD9o4MfewxITdSuUd9h","options":null,"is_active":"1","required":null,"copy_of_field":null},{"id":"5","rel_type":"module","rel_id":"module-layouts-10-contact-form","position":"1","type":"email","name":"Email","name_key":"email","updated_at":"2018-01-22 08:54:24","created_at":"2018-01-22 08:54:24","created_by":"1","edited_by":"1","session_id":"EP4S0sQ0Djnpr9nUB94OSrD9o4MfewxITdSuUd9h","options":null,"is_active":"1","required":null,"copy_of_field":null},{"id":"6","rel_type":"module","rel_id":"module-layouts-10-contact-form","position":"2","type":"message","name":"Message","name_key":"message","updated_at":"2018-01-22 08:54:25","created_at":"2018-01-22 08:54:25","created_by":"1","edited_by":"1","session_id":"EP4S0sQ0Djnpr9nUB94OSrD9o4MfewxITdSuUd9h","options":null,"is_active":"1","required":null,"copy_of_field":null},{"id":"7","rel_type":"module","rel_id":"module-layouts-6--2-contact-form","position":"0","type":"name","name":"Name","name_key":"name","updated_at":"2018-01-22 08:54:26","created_at":"2018-01-22 08:54:26","created_by":"1","edited_by":"1","session_id":"EP4S0sQ0Djnpr9nUB94OSrD9o4MfewxITdSuUd9h","options":null,"is_active":"1","required":null,"copy_of_field":null},{"id":"8","rel_type":"module","rel_id":"module-layouts-6--2-contact-form","position":"1","type":"email","name":"Email","name_key":"email","updated_at":"2018-01-22 08:54:27","created_at":"2018-01-22 08:54:27","created_by":"1","edited_by":"1","session_id":"EP4S0sQ0Djnpr9nUB94OSrD9o4MfewxITdSuUd9h","options":null,"is_active":"1","required":null,"copy_of_field":null},{"id":"9","rel_type":"module","rel_id":"module-layouts-6--2-contact-form","position":"2","type":"message","name":"Message","name_key":"message","updated_at":"2018-01-22 08:54:27","created_at":"2018-01-22 08:54:27","created_by":"1","edited_by":"1","session_id":"EP4S0sQ0Djnpr9nUB94OSrD9o4MfewxITdSuUd9h","options":null,"is_active":"1","required":null,"copy_of_field":null},{"id":"10","rel_type":"content","rel_id":"13","position":null,"type":"price","name":"price","name_key":"price","updated_at":"2018-01-22 09:39:43","created_at":"2018-01-22 09:39:01","created_by":"1","edited_by":"1","session_id":"EP4S0sQ0Djnpr9nUB94OSrD9o4MfewxITdSuUd9h","options":null,"is_active":"1","required":null,"copy_of_field":null},{"id":"11","rel_type":"content","rel_id":"14","position":null,"type":"price","name":"price","name_key":"price","updated_at":"2018-01-22 09:41:17","created_at":"2018-01-22 09:40:41","created_by":"1","edited_by":"1","session_id":"EP4S0sQ0Djnpr9nUB94OSrD9o4MfewxITdSuUd9h","options":null,"is_active":"1","required":null,"copy_of_field":null},{"id":"12","rel_type":"content","rel_id":"15","position":null,"type":"price","name":"price","name_key":"price","updated_at":"2018-01-22 09:42:04","created_at":"2018-01-22 09:41:53","created_by":"1","edited_by":"1","session_id":"EP4S0sQ0Djnpr9nUB94OSrD9o4MfewxITdSuUd9h","options":null,"is_active":"1","required":null,"copy_of_field":null}],"custom_fields_values":[{"id":"1","custom_field_id":"1","value":"","position":"0"},{"id":"2","custom_field_id":"2","value":"","position":"0"},{"id":"3","custom_field_id":"3","value":"","position":"0"},{"id":"4","custom_field_id":"4","value":"","position":"0"},{"id":"5","custom_field_id":"5","value":"","position":"0"},{"id":"6","custom_field_id":"6","value":"","position":"0"},{"id":"7","custom_field_id":"7","value":"","position":"0"},{"id":"8","custom_field_id":"8","value":"","position":"0"},{"id":"9","custom_field_id":"9","value":"","position":"0"},{"id":"10","custom_field_id":"10","value":"3,580","position":"0"},{"id":"11","custom_field_id":"11","value":"399","position":"0"},{"id":"12","custom_field_id":"12","value":"140","position":"0"}],"menus":[{"id":"1","title":"header_menu","item_type":"menu","parent_id":null,"content_id":null,"categories_id":null,"position":null,"updated_at":"2018-01-22 08:50:08","created_at":"2018-01-22 08:50:08","is_active":"1","auto_populate":null,"description":null,"url":null},{"id":"2","title":null,"item_type":"menu_item","parent_id":"1","content_id":"1","categories_id":null,"position":"0","updated_at":"2018-01-22 08:50:08","created_at":"2018-01-22 08:50:08","is_active":"1","auto_populate":null,"description":null,"url":null},{"id":"3","title":"footer_menu","item_type":"menu","parent_id":null,"content_id":null,"categories_id":null,"position":null,"updated_at":"2018-01-22 08:50:08","created_at":"2018-01-22 08:50:08","is_active":"1","auto_populate":null,"description":null,"url":null},{"id":"5","title":"","item_type":"menu_item","parent_id":"1","content_id":"2","categories_id":null,"position":"1","updated_at":"2018-01-22 08:55:53","created_at":"2018-01-22 08:55:53","is_active":null,"auto_populate":"","description":null,"url":null},{"id":"6","title":"","item_type":"menu_item","parent_id":"1","content_id":"3","categories_id":null,"position":"5","updated_at":"2018-01-22 08:55:55","created_at":"2018-01-22 08:55:55","is_active":null,"auto_populate":"","description":null,"url":null},{"id":"7","title":"","item_type":"menu_item","parent_id":"1","content_id":"4","categories_id":null,"position":"6","updated_at":"2018-01-22 08:55:58","created_at":"2018-01-22 08:55:58","is_active":null,"auto_populate":"","description":null,"url":null},{"id":"8","title":"","item_type":"menu_item","parent_id":"1","content_id":"5","categories_id":null,"position":"7","updated_at":"2018-01-22 08:55:59","created_at":"2018-01-22 08:55:59","is_active":null,"auto_populate":"","description":null,"url":null},{"id":"9","title":"","item_type":"menu_item","parent_id":"1","content_id":"6","categories_id":null,"position":"8","updated_at":"2018-01-22 08:56:03","created_at":"2018-01-22 08:56:03","is_active":null,"auto_populate":"","description":null,"url":null},{"id":"11","title":"","item_type":"menu_item","parent_id":"5","content_id":null,"categories_id":"1","position":"2","updated_at":"2018-01-22 08:57:19","created_at":"2018-01-22 08:57:19","is_active":null,"auto_populate":"","description":null,"url":null},{"id":"12","title":"","item_type":"menu_item","parent_id":"5","content_id":null,"categories_id":"2","position":"3","updated_at":"2018-01-22 08:57:23","created_at":"2018-01-22 08:57:23","is_active":null,"auto_populate":"","description":null,"url":null},{"id":"13","title":"","item_type":"menu_item","parent_id":"5","content_id":null,"categories_id":"3","position":"4","updated_at":"2018-01-22 08:57:27","created_at":"2018-01-22 08:57:27","is_active":null,"auto_populate":"","description":null,"url":null}],"categories":[{"id":"1","updated_at":"2018-01-22 08:56:26","created_at":"2018-01-22 08:56:26","created_by":"1","edited_by":"1","data_type":"category","title":"Category 1","url":"category-1","parent_id":"0","description":"","content":null,"rel_type":"content","rel_id":"2","position":"0","is_deleted":"0","is_hidden":"0","users_can_create_subcategories":null,"users_can_create_content":"0","users_can_create_content_allowed_usergroups":null,"category_subtype":"default","category_subtype_settings":null},{"id":"2","updated_at":"2018-01-22 08:56:43","created_at":"2018-01-22 08:56:43","created_by":"1","edited_by":"1","data_type":"category","title":"Category 2","url":"category-2","parent_id":"0","description":"","content":null,"rel_type":"content","rel_id":"2","position":"0","is_deleted":"0","is_hidden":"0","users_can_create_subcategories":null,"users_can_create_content":"0","users_can_create_content_allowed_usergroups":null,"category_subtype":"default","category_subtype_settings":null},{"id":"3","updated_at":"2018-01-22 08:56:51","created_at":"2018-01-22 08:56:51","created_by":"1","edited_by":"1","data_type":"category","title":"Category 3","url":"category-3","parent_id":"0","description":"","content":null,"rel_type":"content","rel_id":"2","position":"0","is_deleted":"0","is_hidden":"0","users_can_create_subcategories":null,"users_can_create_content":"0","users_can_create_content_allowed_usergroups":null,"category_subtype":"default","category_subtype_settings":null}],"categories_items":[{"id":"1","parent_id":"1","rel_type":"content","rel_id":"13"},{"id":"2","parent_id":"3","rel_type":"content","rel_id":"13"},{"id":"3","parent_id":"2","rel_type":"content","rel_id":"14"},{"id":"4","parent_id":"3","rel_type":"content","rel_id":"14"},{"id":"5","parent_id":"1","rel_type":"content","rel_id":"15"},{"id":"6","parent_id":"2","rel_type":"content","rel_id":"15"}],"options":[{"id":"1","updated_at":"2018-01-22 08:50:08","created_at":"2018-01-22 08:50:08","option_key":"current_template","option_value":"darock","option_key2":null,"option_value2":null,"position":null,"option_group":"template","name":null,"help":null,"field_type":null,"field_values":null,"module":null,"is_system":"1"},{"id":"2","updated_at":"2018-01-22 08:50:09","created_at":"2018-01-22 08:50:09","option_key":"website_title","option_value":"Microweber","option_key2":null,"option_value2":null,"position":null,"option_group":"website","name":null,"help":null,"field_type":null,"field_values":null,"module":null,"is_system":"1"},{"id":"3","updated_at":null,"created_at":null,"option_key":"enable_comments","option_value":"y","option_key2":null,"option_value2":null,"position":null,"option_group":"comments","name":null,"help":null,"field_type":null,"field_values":null,"module":null,"is_system":null},{"id":"4","updated_at":null,"created_at":null,"option_key":"shipping_gw_shop\/shipping\/gateways\/country","option_value":"y","option_key2":null,"option_value2":null,"position":null,"option_group":"shipping","name":null,"help":null,"field_type":null,"field_values":null,"module":null,"is_system":null},{"id":"5","updated_at":null,"created_at":null,"option_key":"payment_gw_shop\/payments\/gateways\/paypal","option_value":"1","option_key2":null,"option_value2":null,"position":null,"option_group":"payments","name":null,"help":null,"field_type":null,"field_values":null,"module":null,"is_system":null},{"id":"6","updated_at":null,"created_at":null,"option_key":"currency","option_value":"USD","option_key2":null,"option_value2":null,"position":null,"option_group":"payments","name":null,"help":null,"field_type":null,"field_values":null,"module":null,"is_system":null},{"id":"7","updated_at":"2018-01-22 08:52:17","created_at":"2018-01-22 08:52:17","option_key":"logotype","option_value":"image","option_key2":null,"option_value2":null,"position":null,"option_group":"logo","name":null,"help":null,"field_type":null,"field_values":null,"module":"logo","is_system":null},{"id":"8","updated_at":"2018-01-22 08:52:21","created_at":"2018-01-22 08:52:21","option_key":"logoimage","option_value":"{SITE_URL}userfiles\/media\/darock-template-microweber-com\/uploaded\/logo_org_1.png","option_key2":null,"option_value2":null,"position":null,"option_group":"logo","name":null,"help":null,"field_type":null,"field_values":null,"module":"logo","is_system":null},{"id":"9","updated_at":"2018-01-22 08:52:21","created_at":"2018-01-22 08:52:21","option_key":"size","option_value":"auto","option_key2":null,"option_value2":null,"position":null,"option_group":"logo","name":null,"help":null,"field_type":null,"field_values":null,"module":"logo","is_system":null},{"id":"10","updated_at":"2018-01-22 09:04:58","created_at":"2018-01-22 09:04:58","option_key":"facebook_enabled","option_value":"y","option_key2":null,"option_value2":null,"position":null,"option_group":"module-sharer-7","name":null,"help":null,"field_type":null,"field_values":null,"module":"sharer","is_system":null},{"id":"11","updated_at":"2018-01-22 09:04:59","created_at":"2018-01-22 09:04:59","option_key":"googleplus_enabled","option_value":"y","option_key2":null,"option_value2":null,"position":null,"option_group":"module-sharer-7","name":null,"help":null,"field_type":null,"field_values":null,"module":"sharer","is_system":null},{"id":"12","updated_at":"2018-01-22 09:05:00","created_at":"2018-01-22 09:05:00","option_key":"twitter_enabled","option_value":"y","option_key2":null,"option_value2":null,"position":null,"option_group":"module-sharer-7","name":null,"help":null,"field_type":null,"field_values":null,"module":"sharer","is_system":null},{"id":"13","updated_at":"2018-01-22 09:12:08","created_at":"2018-01-22 09:12:08","option_key":"pinterest_enabled","option_value":"y","option_key2":null,"option_value2":null,"position":null,"option_group":"blog-post-share","name":null,"help":null,"field_type":null,"field_values":null,"module":"sharer","is_system":null},{"id":"14","updated_at":"2018-01-22 09:12:09","created_at":"2018-01-22 09:12:09","option_key":"facebook_enabled","option_value":"y","option_key2":null,"option_value2":null,"position":null,"option_group":"blog-post-share","name":null,"help":null,"field_type":null,"field_values":null,"module":"sharer","is_system":null},{"id":"15","updated_at":"2018-01-22 09:12:09","created_at":"2018-01-22 09:12:09","option_key":"twitter_enabled","option_value":"y","option_key2":null,"option_value2":null,"position":null,"option_group":"blog-post-share","name":null,"help":null,"field_type":null,"field_values":null,"module":"sharer","is_system":null},{"id":"16","updated_at":"2018-01-22 09:25:00","created_at":"2018-01-22 09:25:00","option_key":"facebook_enabled","option_value":"y","option_key2":null,"option_value2":null,"position":null,"option_group":"module-layouts-6--2-social-links","name":null,"help":null,"field_type":null,"field_values":null,"module":"social_links","is_system":null},{"id":"17","updated_at":"2018-01-22 09:25:01","created_at":"2018-01-22 09:25:01","option_key":"twitter_enabled","option_value":"y","option_key2":null,"option_value2":null,"position":null,"option_group":"module-layouts-6--2-social-links","name":null,"help":null,"field_type":null,"field_values":null,"module":"social_links","is_system":null},{"id":"18","updated_at":"2018-01-22 09:25:01","created_at":"2018-01-22 09:25:01","option_key":"googleplus_enabled","option_value":"y","option_key2":null,"option_value2":null,"position":null,"option_group":"module-layouts-6--2-social-links","name":null,"help":null,"field_type":null,"field_values":null,"module":"social_links","is_system":null},{"id":"19","updated_at":"2018-01-22 09:25:04","created_at":"2018-01-22 09:25:04","option_key":"pinterest_enabled","option_value":"y","option_key2":null,"option_value2":null,"position":null,"option_group":"module-layouts-6--2-social-links","name":null,"help":null,"field_type":null,"field_values":null,"module":"social_links","is_system":null},{"id":"20","updated_at":"2018-01-22 09:25:12","created_at":"2018-01-22 09:25:05","option_key":"youtube_enabled","option_value":"","option_key2":null,"option_value2":null,"position":null,"option_group":"module-layouts-6--2-social-links","name":null,"help":null,"field_type":null,"field_values":null,"module":"social_links","is_system":null},{"id":"21","updated_at":"2018-01-22 09:25:13","created_at":"2018-01-22 09:25:05","option_key":"linkedin_enabled","option_value":"","option_key2":null,"option_value2":null,"position":null,"option_group":"module-layouts-6--2-social-links","name":null,"help":null,"field_type":null,"field_values":null,"module":"social_links","is_system":null},{"id":"22","updated_at":"2018-01-22 09:26:44","created_at":"2018-01-22 09:26:35","option_key":"data-template","option_value":"default","option_key2":null,"option_value2":null,"position":null,"option_group":"module-layouts-6--2-contact-form","name":null,"help":null,"field_type":null,"field_values":null,"module":"contact_form","is_system":null},{"id":"23","updated_at":"2018-01-22 09:43:31","created_at":"2018-01-22 09:43:31","option_key":"facebook_enabled","option_value":"y","option_key2":null,"option_value2":null,"position":null,"option_group":"shop-inner-sharer","name":null,"help":null,"field_type":null,"field_values":null,"module":"sharer","is_system":null},{"id":"24","updated_at":"2018-01-22 09:43:32","created_at":"2018-01-22 09:43:32","option_key":"twitter_enabled","option_value":"y","option_key2":null,"option_value2":null,"position":null,"option_group":"shop-inner-sharer","name":null,"help":null,"field_type":null,"field_values":null,"module":"sharer","is_system":null},{"id":"25","updated_at":"2018-01-22 09:43:33","created_at":"2018-01-22 09:43:33","option_key":"googleplus_enabled","option_value":"y","option_key2":null,"option_value2":null,"position":null,"option_group":"shop-inner-sharer","name":null,"help":null,"field_type":null,"field_values":null,"module":"sharer","is_system":null}],"cart_shipping":[{"id":"1","updated_at":null,"created_at":null,"is_active":"1","shipping_cost":"0.0","shipping_cost_max":null,"shipping_cost_above":null,"shipping_country":"Worldwide","position":null,"shipping_type":"fixed","shipping_price_per_size":null,"shipping_price_per_weight":null,"shipping_price_per_item":null,"shipping_price_custom":null}]}